Product Name,New Price,Old Price
FAUX SUEDE LEATHER JACKET,"PKR 10,499","PKR 14,999"
FAUX SUEDE LEATHER JACKET,"PKR 10,499","PKR 14,999"
BUTTON DOWN SHIRT,"PKR 2,729","PKR 3,899"
BAGGY FIT POPOVER HOODIE,"PKR 4,199","PKR 5,999"
BAGGY FIT POPOVER HOODIE,"PKR 4,199","PKR 5,999"
POPOVER HOODIE,"PKR 4,199","PKR 5,999"
POPOVER HOODIE,"PKR 4,199","PKR 5,999"
BAGGY FIT TROUSER,"PKR 3,289","PKR 4,699"
BAGGY FIT TROUSER,"PKR 3,289","PKR 4,699"
TEXTURED WOOL BLEND COAT,"PKR 8,399","PKR 11,999"
WOOL BLEND JACKET,"PKR 9,799","PKR 13,999"
CREW NECK COLOR BLOCKING SWEATER,"PKR 4,199","PKR 5,999"
CREW NECK COLOR BLOCKING SWEATER,"PKR 4,199","PKR 5,999"
STRETCH STRAIGHT FIT CHINO,"PKR 3,499","PKR 4,999"
TEXTURED BAGGY FIT EASY PANTS,"PKR 2,449","PKR 3,499"
BAGGY FIT EASY PANTS,"PKR 3,499","PKR 4,999"
BAGGY FIT EASY PANTS,"PKR 3,499","PKR 4,999"
ORIGINAL STRAIGHT FIT CARGO DENIM,"PKR 3,709","PKR 5,299"
BAGGY FIT TEXTURED SHIRT,"PKR 2,449","PKR 3,499"
SUPER SOFT POPOVER HOODIE,"PKR 3,849","PKR 5,499"
SUPER SOFT POPOVER HOODIE,"PKR 3,849","PKR 5,499"
TEXTURED WOOL BLEND COAT,"PKR 8,399","PKR 11,999"
EXPLORE SWEATER,"PKR 4,549","PKR 6,499"
EXPLORE SWEATER,"PKR 4,549","PKR 6,499"
BRUSHED WOOL BLEND SWEATER,"PKR 4,899","PKR 6,999"
BOX FIT RESORT COLLAR SHIRT,"PKR 2,449","PKR 3,499"
BUTTON DOWN SHIRT,"PKR 2,729","PKR 3,899"
BUTTON DOWN SHIRT,"PKR 2,729","PKR 3,899"
BAGGY FIT CONTRAST PANEL HOODED TEE,"PKR 3,499","PKR 4,999"
BAGGY FIT CONTRAST PANEL HOODED TEE,"PKR 3,499","PKR 4,999"
BOX FIT TERRY POLO,"PKR 3,849","PKR 5,499"
BOX FIT TERRY POLO,"PKR 3,849","PKR 5,499"
BAGGY FIT CARGO TROUSER,"PKR 3,709","PKR 5,299"
SLIM RELAXED FIT DENIM,"PKR 3,499","PKR 4,999"
SLIM RELAXED FIT DENIM,"PKR 3,499","PKR 4,999"
ORIGINAL STRAIGHT FIT DENIM,"PKR 3,499","PKR 4,999"
SLIM RELAXED FIT DENIM,"PKR 3,499","PKR 4,999"
ORIGINAL STRAIGHT FIT CARGO DENIM,"PKR 3,709","PKR 5,299"
BAGGY FIT HOODED FLANNEL CHECK SHIRT,"PKR 3,009","PKR 4,299"
BAGGY FIT HOODED FLANNEL CHECK SHIRT,"PKR 3,009","PKR 4,299"
BAGGY FIT POPOVER HOODIE,"PKR 3,849","PKR 5,499"
BAGGY FIT POPOVER HOODIE,"PKR 3,849","PKR 5,499"
BAGGY HALF ZIP HOODIE,"PKR 4,199","PKR 5,999"
BAGGY HALF ZIP HOODIE,"PKR 4,199","PKR 5,999"
BAGGY FIT POPOVER HOODIE,"PKR 4,199","PKR 5,999"
BAGGY FIT POPOVER HOODIE,"PKR 4,199","PKR 5,999"
BAGGY FIT TROUSER,"PKR 3,499","PKR 4,999"
BAGGY FIT TROUSER,"PKR 3,499","PKR 4,999"
BAGGY FIT TROUSER,"PKR 3,289","PKR 4,699"
BAGGY FIT TROUSER,"PKR 3,289","PKR 4,699"
BAGGY FIT TROUSER,"PKR 3,289","PKR 4,699"
BAGGY FIT TROUSER,"PKR 3,289","PKR 4,699"
BAGGY FIT TROUSER,"PKR 3,289","PKR 4,699"
TEXTURED WOOL BLEND LONG COAT,"PKR 9,799","PKR 13,999"
TEXTURED WOOL BLEND LONG COAT,"PKR 9,799","PKR 13,999"
FAUX LEATHER JACKET,"PKR 9,099","PKR 12,999"
CABLE KNIT SWEATER,"PKR 4,199","PKR 5,999"
CABLE KNIT SWEATER,"PKR 4,199","PKR 5,999"
FLANNEL CHECK SHIRT,"PKR 2,729","PKR 3,899"
FLANNEL CHECK SHIRT,"PKR 2,729","PKR 3,899"
SLIM RELAXED FIT DENIM,"PKR 3,499","PKR 4,999"
BAGGY FIT DENIM,"PKR 3,499","PKR 4,999"
CARPENTER FIT DENIM,"PKR 3,499","PKR 4,999"
ORIGINAL STRAIGHT FIT DENIM,"PKR 3,499","PKR 4,999"
BAGGY FIT DENIM,"PKR 3,499","PKR 4,999"
CARPENTER FIT CARGO DENIM,"PKR 3,709","PKR 5,299"
BAGGY FIT POPOVER HOODIE,"PKR 3,989","PKR 5,699"
BAGGY FIT POPOVER HOODIE,"PKR 3,989","PKR 5,699"
VARSITY COLLAR BUTTON DOWN UPPER,"PKR 4,199","PKR 5,999"
VARSITY COLLAR BUTTON DOWN UPPER,"PKR 4,199","PKR 5,999"
POPOVER HOODIE,"PKR 3,849","PKR 5,499"
POPOVER HOODIE,"PKR 3,849","PKR 5,499"
WOOL BLEND JACKET,"PKR 6,499","PKR 12,999"
WOOL BLEND JACKET,"PKR 6,499","PKR 12,999"
BAGGY FIT TEXTURED SHACKET,"PKR 4,199","PKR 5,999"
BAGGY FIT TEXTURED SHACKET,"PKR 4,199","PKR 5,999"
VARSITY COLLAR FAUX SUEDE LEATHER JACKET,"PKR 9,099","PKR 12,999"
VARSITY COLLAR FAUX SUEDE LEATHER JACKET,"PKR 9,099","PKR 12,999"
WOOL BLEND JACKET,"PKR 9,099","PKR 12,999"
WOOL BLEND JACKET,"PKR 9,099","PKR 12,999"
CREW NECK SWEATER,"PKR 4,199","PKR 5,999"
CREW NECK SWEATER,"PKR 4,199","PKR 5,999"
SWEATER POLO,"PKR 4,549","PKR 6,499"
SWEATER POLO,"PKR 4,549","PKR 6,499"
CONTRAST STRIPER SWEATER,"PKR 4,199","PKR 5,999"
CONTRAST STRIPER SWEATER,"PKR 4,199","PKR 5,999"
TEXTURED KNIT SWEATER,"PKR 4,199","PKR 5,999"
TEXTURED KNIT SWEATER,"PKR 4,199","PKR 5,999"
HIGH NECK SWEATER,"PKR 4,549","PKR 6,499"
HIGH NECK SWEATER,"PKR 4,549","PKR 6,499"
BOX FIT SWEATSHIRT,"PKR 3,499","PKR 4,999"
BOX FIT SWEATSHIRT,"PKR 3,499","PKR 4,999"
TEXTURED WOOL BLEND COAT,"PKR 8,399","PKR 11,999"
TEXTURED WOOL BLEND SEMI LONG COAT,"PKR 9,099","PKR 12,999"
TEXTURED WOOL BLEND COAT,"PKR 5,999","PKR 11,999"
TEXTURED WOOL BLEND COAT,"PKR 8,399","PKR 11,999"
TEXTURED WOOL BLEND COAT,"PKR 8,399","PKR 11,999"
GLOVES,"PKR 2,099","PKR 2,999"
DENIM CAP,"PKR 1,749","PKR 2,499"
DENIM CAP,"PKR 1,749","PKR 2,499"
3-PACK BRACELETS,"PKR 1,049","PKR 1,499"
3-PACK BRACELETS,"PKR 1,049","PKR 1,499"
4-PACK BRACELETS,"PKR 1,049","PKR 1,499"
4-PACK BRACELETS,"PKR 1,049","PKR 1,499"
BRACELET,PKR 699,PKR 999
BRACELET,PKR 699,PKR 999
BRACELET,PKR 699,PKR 999
BRACELET,PKR 699,PKR 999
LONG SHRUG,"PKR 4,199","PKR 5,999"
LONG SHRUG,"PKR 4,199","PKR 5,999"
MOCK NECK HALF ZIPPER HOODIE,"PKR 3,849","PKR 5,499"
MOCK NECK HALF ZIPPER HOODIE,"PKR 3,849","PKR 5,499"
BAGGY FIT SWEATSHIRT,"PKR 3,289","PKR 4,699"
BOX FIT SWEATSHIRT,"PKR 3,289","PKR 4,699"
BOX FIT SWEATSHIRT,"PKR 3,289","PKR 4,699"
BAGGY FIT TROUSER,"PKR 3,289","PKR 4,699"
SLIM RELAXED FIT DENIM,"PKR 3,499","PKR 4,999"
STRETCH SLIM FIT DENIM,"PKR 3,499","PKR 4,999"
BOXER (PACK OF 3),"PKR 3,849","PKR 5,499"
BOXER (PACK OF 3),"PKR 3,849","PKR 5,499"
GLOVES,"PKR 2,099","PKR 2,999"
GLOVES,"PKR 2,099","PKR 2,999"
GLOVES,"PKR 2,099","PKR 2,999"
GLOVES,"PKR 2,099","PKR 2,999"
GLOVES,"PKR 2,099","PKR 2,999"
GLOVES,"PKR 2,099","PKR 2,999"
GLOVES,"PKR 2,099","PKR 2,999"
GLOVES,"PKR 2,099","PKR 2,999"
GLOVES,"PKR 2,099","PKR 2,999"
GLOVES,"PKR 2,099","PKR 2,999"
GLOVES,"PKR 2,099","PKR 2,999"
GLOVES,"PKR 2,099","PKR 2,999"
GLOVES,"PKR 2,099","PKR 2,999"
GLOVES,"PKR 2,099","PKR 2,999"
GLOVES,"PKR 2,099","PKR 2,999"
GLOVES,"PKR 2,099","PKR 2,999"
GLOVES,"PKR 2,099","PKR 2,999"
GLOVES,"PKR 2,099","PKR 2,999"
GLOVES,"PKR 2,099","PKR 2,999"
GLOVES,"PKR 2,099","PKR 2,999"
RING,"PKR 1,049","PKR 1,499"
NECKLACE,"PKR 1,049","PKR 1,499"
NECKLACE,"PKR 1,049","PKR 1,499"
NECKLACE,"PKR 1,049","PKR 1,499"
NECKLACE,"PKR 1,049","PKR 1,499"
NECKLACE,"PKR 1,049","PKR 1,499"
NECKLACE,"PKR 1,049","PKR 1,499"
NECKLACE,"PKR 1,049","PKR 1,499"
NECKLACE,"PKR 1,049","PKR 1,499"
RING,"PKR 1,049","PKR 1,499"
RING,"PKR 1,049","PKR 1,499"
RING,"PKR 1,049","PKR 1,499"
SCARF,"PKR 2,799","PKR 3,999"
SCARF,"PKR 2,799","PKR 3,999"
SCARF,"PKR 2,799","PKR 3,999"
SCARF,"PKR 2,799","PKR 3,999"
SCARF,"PKR 2,799","PKR 3,999"
SCARF,"PKR 2,799","PKR 3,999"
SCARF,"PKR 2,799","PKR 3,999"
CHECK SCARF,"PKR 2,099","PKR 2,999"
CHECK SCARF,"PKR 2,099","PKR 2,999"
LOOSE FIT JOGGER,"PKR 3,499","PKR 4,999"
LOOSE FIT JOGGER,"PKR 3,499","PKR 4,999"
BAGGY FIT CARGO DENIM,"PKR 3,709","PKR 5,299"
BAGGY FIT DENIM,"PKR 3,499","PKR 4,999"
CARPENTER FIT DENIM,"PKR 2,499","PKR 4,999"
BAGGY FIT CARGO DENIM,"PKR 3,709","PKR 5,299"
ORIGINAL STRAIGHT FIT DENIM,"PKR 2,499","PKR 4,999"
ORIGINAL STRAIGHT FIT DENIM,"PKR 3,499","PKR 4,999"
ORIGINAL STRAIGHT FIT DENIM,"PKR 2,499","PKR 4,999"
BAGGY FIT TEXTURED SWEATSHIRT,"PKR 3,289","PKR 4,699"
BAGGY FIT TEXTURED SWEATSHIRT,"PKR 3,289","PKR 4,699"
ZIPPER HOODIE,"PKR 4,199","PKR 5,999"
ZIPPER HOODIE,"PKR 4,199","PKR 5,999"
BAGGY FIT POPOVER HOODIE,"PKR 3,849","PKR 5,499"
BAGGY FIT POPOVER HOODIE,"PKR 3,849","PKR 5,499"
KANGAROO POCKET HOODIE,"PKR 3,849","PKR 5,499"
KANGAROO POCKET HOODIE,"PKR 3,849","PKR 5,499"
BAGGY FIT ZIPPER HOODIE,"PKR 4,199","PKR 5,999"
BAGGY FIT ZIPPER HOODIE,"PKR 4,199","PKR 5,999"
ZIPPER HOODIE,"PKR 4,199","PKR 5,999"
ZIPPER HOODIE,"PKR 4,199","PKR 5,999"
SLEEVELESS SWEATER,"PKR 3,499","PKR 4,999"
SLEEVELESS SWEATER,"PKR 3,499","PKR 4,999"
BAGGY FIT TROUSER,"PKR 3,289","PKR 4,699"
BAGGY FIT TROUSER,"PKR 3,289","PKR 4,699"
BAGGY FIT TROUSER,"PKR 3,289","PKR 4,699"
BAGGY FIT TROUSER,"PKR 3,289","PKR 4,699"
BAGGY FIT TROUSER,"PKR 3,289","PKR 4,699"
BAGGY FIT TROUSER,"PKR 3,289","PKR 4,699"
FAUX LEATHER JACKET,"PKR 9,099","PKR 12,999"
FAUX LEATHER JACKET,"PKR 9,099","PKR 12,999"
FAUX LEATHER JACKET,"PKR 9,099","PKR 12,999"
FAUX LEATHER JACKET,"PKR 9,099","PKR 12,999"
CABLE KNIT SWEATER,"PKR 4,549","PKR 6,499"
CREW NECK SWEATER,"PKR 4,549","PKR 6,499"
CREW NECK SWEATER,"PKR 4,549","PKR 6,499"
CREW NECK SWEATER,"PKR 4,549","PKR 6,499"
JACQUARD BAGGY FIT SHIRT,"PKR 2,729","PKR 3,899"
JACQUARD BAGGY FIT SHIRT,"PKR 2,729","PKR 3,899"
BOX FIT TEXTURE TEE,"PKR 1,749","PKR 2,499"
BOX FIT TEXTURE TEE,"PKR 1,749","PKR 2,499"
RESORT COLLAR BUTTON DOWN BOX FIT POLO,"PKR 2,449","PKR 3,499"
RESORT COLLAR BUTTON DOWN BOX FIT POLO,"PKR 2,449","PKR 3,499"
BAGGY FIT FLANNEL CHECK SHIRT,"PKR 2,799","PKR 3,999"
BUTTON DOWN CHECK SHIRT,"PKR 2,729","PKR 3,899"
BUTTON DOWN CHECK SHIRT,"PKR 2,729","PKR 3,899"
CHECK SHIRT,"PKR 2,729","PKR 3,899"
CHECK SHIRT,"PKR 2,729","PKR 3,899"
TRAVEL BAG,"PKR 5,599","PKR 7,999"
SNEAKERS,"PKR 6,999","PKR 9,999"
LOAFERS,"PKR 6,999","PKR 9,999"
LOAFERS,"PKR 6,999","PKR 9,999"
SNEAKERS,"PKR 9,099","PKR 12,999"
POLYESTER BACKPACK,"PKR 5,599","PKR 7,999"
CANVAS BAG,"PKR 4,199","PKR 5,999"
CANVAS BAG,"PKR 4,199","PKR 5,999"
WOOL BEANIE WITH INSIDE FUR,"PKR 2,099","PKR 2,999"
WOOL BEANIE,"PKR 2,099","PKR 2,999"
WOOL BEANIE,"PKR 2,099","PKR 2,999"
WOOL BEANIE WITH INSIDE FUR,"PKR 2,099","PKR 2,999"
WOOL BEANIE WITH INSIDE FUR,"PKR 2,099","PKR 2,999"
WOOL BEANIE WITH INSIDE FUR,"PKR 2,099","PKR 2,999"
WOOL BEANIE WITH INSIDE FUR,"PKR 2,099","PKR 2,999"
WOOL BEANIE,"PKR 2,099","PKR 2,999"
WOOL BEANIE WITH INSIDE FUR,"PKR 2,099","PKR 2,999"
WOOL BEANIE WITH INSIDE FUR,"PKR 2,099","PKR 2,999"
WOOL BEANIE WITH INSIDE FUR,"PKR 2,099","PKR 2,999"
WOOL BEANIE WITH INSIDE FUR,"PKR 2,099","PKR 2,999"
WOOL BEANIE WITH INSIDE FUR,"PKR 2,099","PKR 2,999"
WOOL BEANIE WITH INSIDE FUR,"PKR 2,099","PKR 2,999"
WOOL BEANIE WITH INSIDE FUR,"PKR 2,099","PKR 2,999"
WOOL BEANIE WITH INSIDE FUR,"PKR 2,099","PKR 2,999"
WOOL BEANIE WITH INSIDE FUR,"PKR 2,099","PKR 2,999"
WOOL BEANIE WITH INSIDE FUR,"PKR 2,099","PKR 2,999"
WOOL BEANIE WITH INSIDE FUR,"PKR 2,099","PKR 2,999"
WOOL BEANIE WITH INSIDE FUR,"PKR 2,099","PKR 2,999"
WOOL BEANIE WITH INSIDE FUR,"PKR 2,099","PKR 2,999"
WOOL BEANIE WITH INSIDE FUR,"PKR 2,099","PKR 2,999"
WOOL BEANIE WITH INSIDE FUR,"PKR 2,099","PKR 2,999"
WOOL BEANIE,"PKR 2,099","PKR 2,999"
WOOL BEANIE,"PKR 2,099","PKR 2,999"
WOOL BEANIE,"PKR 2,099","PKR 2,999"
WOOL BEANIE WITH INSIDE FUR,"PKR 2,099","PKR 2,999"
WOOL BEANIE WITH INSIDE FUR,"PKR 2,099","PKR 2,999"
WOOL BEANIE WITH INSIDE FUR,"PKR 2,099","PKR 2,999"
CROSSBODY BAG,"PKR 5,949","PKR 8,499"
TRAINERS,"PKR 9,099","PKR 12,999"
MOCK NECK UPPER,"PKR 4,199","PKR 5,999"
HIGH NECK,"PKR 3,289","PKR 4,699"
HIGH NECK,"PKR 3,289","PKR 4,699"
HIGH NECK,"PKR 3,289","PKR 4,699"
BOX FIT SWEATSHIRT,"PKR 3,289","PKR 4,699"
STRIPED SWEATSHIRT,"PKR 3,289","PKR 4,699"
STRIPED SWEATSHIRT,"PKR 3,289","PKR 4,699"
KNIT TROUSER,"PKR 3,289","PKR 4,699"
KNIT TROUSER,"PKR 3,289","PKR 4,699"
TEXTURED WOOL BLEND COAT,"PKR 8,399","PKR 11,999"
WOOL BLEND COAT WITH HOODIE,"PKR 9,099","PKR 12,999"
POLYESTER JACKET,"PKR 6,999","PKR 9,999"
POLYESTER JACKET,"PKR 6,999","PKR 9,999"
BAND COLLAR POLYESTER JACKET,"PKR 11,199","PKR 15,999"
BAND COLLAR POLYESTER JACKET,"PKR 11,199","PKR 15,999"
MOCK NECK CONTRAST SLEEVE QUILTED JACKET,"PKR 6,999","PKR 9,999"
MOCK NECK CONTRAST SLEEVE QUILTED JACKET,"PKR 6,999","PKR 9,999"
WOOL BLEND JACKET,"PKR 9,099","PKR 12,999"
WOOL BLEND JACKET,"PKR 9,099","PKR 12,999"
MOCKNECK WOOL BLEND JACKET,"PKR 6,499","PKR 12,999"
MOCKNECK WOOL BLEND JACKET,"PKR 6,499","PKR 12,999"
POLYESTER HOODIE JACKET,"PKR 11,199","PKR 15,999"
POLYESTER HOODIE JACKET,"PKR 11,199","PKR 15,999"
CREW NECK SWEATER,"PKR 4,549","PKR 6,499"
CREW NECK SWEATER,"PKR 4,549","PKR 6,499"
HOODIE STRIPED SWEATER,"PKR 4,199","PKR 5,999"
HOODIE STRIPED SWEATER,"PKR 4,199","PKR 5,999"
RAGLAN TEE,"PKR 1,749","PKR 2,499"
JACQUARD POLO,"PKR 2,449","PKR 3,499"
JACQUARD POLO,"PKR 2,449","PKR 3,499"
BUTTON DOWN CHECK SHIRT,"PKR 2,729","PKR 3,899"
BUTTON DOWN CHECK SHIRT,"PKR 2,729","PKR 3,899"
WOOL BEANIE WITH INSIDE FUR,"PKR 2,309","PKR 3,299"
WOOL BEANIE WITH INSIDE FUR,"PKR 2,309","PKR 3,299"
WOOL BEANIE WITH INSIDE FUR,"PKR 2,309","PKR 3,299"
WOOL BEANIE WITH INSIDE FUR,"PKR 2,309","PKR 3,299"
BEANIE,"PKR 1,399","PKR 1,999"
BEANIE,"PKR 1,399","PKR 1,999"
BEANIE,"PKR 1,399","PKR 1,999"
BEANIE,"PKR 1,399","PKR 1,999"
BEANIE,"PKR 1,399","PKR 1,999"
STRIPER SWEATER,"PKR 2,999","PKR 5,999"
STRIPER SWEATER,"PKR 2,999","PKR 5,999"
JACQUARD SWEATER,"PKR 2,999","PKR 5,999"
TEXTURED KNIT SWEATER,"PKR 4,199","PKR 5,999"
TEXTURED KNIT SWEATER,"PKR 4,199","PKR 5,999"
PAC MAN SWEATER,"PKR 3,249","PKR 6,499"
PAC MAN SWEATER,"PKR 3,249","PKR 6,499"
TEXTURED KNIT SWEATER,"PKR 4,199","PKR 5,999"
TEXTURED KNIT SWEATER,"PKR 4,199","PKR 5,999"
STRIPED SWEATER,"PKR 4,199","PKR 5,999"
STRIPED SWEATER,"PKR 4,199","PKR 5,999"
TEXTURED KNIT SWEATER,"PKR 3,849","PKR 5,499"
TEXTURED KNIT SWEATER,"PKR 3,849","PKR 5,499"
TANK TOP,"PKR 1,049","PKR 1,499"
TANK TOP,"PKR 1,049","PKR 1,499"
TANK TOP,"PKR 1,049","PKR 1,499"
BAGGY FIT CARGO TROUSER,"PKR 3,709","PKR 5,299"
BAGGY FIT CARGO TROUSER,"PKR 3,709","PKR 5,299"
TEXTURED TEE,"PKR 1,749","PKR 2,499"
TEXTURED TEE,"PKR 1,749","PKR 2,499"
GRAPHIC TEE,"PKR 1,749","PKR 2,499"
GRAPHIC TEE,"PKR 1,749","PKR 2,499"
BAGGY FIT GRAPHIC TEE,"PKR 1,749","PKR 2,499"
BAGGY FIT GRAPHIC TEE,"PKR 1,749","PKR 2,499"
BOX FIT GRAPHIC TEE,"PKR 1,749","PKR 2,499"
BOX FIT GRAPHIC TEE,"PKR 1,749","PKR 2,499"
RESORT COLLAR BUTTON DOWN BOX FIT TEXTURED POLO,"PKR 2,449","PKR 3,499"
RESORT COLLAR BUTTON DOWN BOX FIT TEXTURED POLO,"PKR 2,449","PKR 3,499"
TEXTURED TIPPING POLO,"PKR 2,309","PKR 3,299"
TEXTURED TIPPING POLO,"PKR 2,309","PKR 3,299"
TEXTURED BOX FIT POLO,"PKR 2,799","PKR 3,999"
TEXTURED BOX FIT POLO,"PKR 2,799","PKR 3,999"
JOHNNY COLLAR TEXTURED POLO,"PKR 2,449","PKR 3,499"
JOHNNY COLLAR TEXTURED POLO,"PKR 2,449","PKR 3,499"
RESORT COLLAR BUTTON DOWN BOX FIT POLO,"PKR 2,449","PKR 3,499"
RESORT COLLAR BUTTON DOWN BOX FIT POLO,"PKR 2,449","PKR 3,499"
RESORT COLLAR BUTTON DOWN BOX FIT TEXTURED POLO,"PKR 2,449","PKR 3,499"
RESORT COLLAR BUTTON DOWN BOX FIT TEXTURED POLO,"PKR 2,449","PKR 3,499"
BUTTON DOWN TEXTURED SHIRT,"PKR 2,729","PKR 3,899"
BUTTON DOWN TEXTURED SHIRT,"PKR 2,729","PKR 3,899"
BUTTON DOWN STRIPED SHIRT,"PKR 2,729","PKR 3,899"
BUTTON DOWN STRIPED SHIRT,"PKR 2,729","PKR 3,899"
TEXTURED HIGH NECK,"PKR 2,309","PKR 3,299"
TEXTURED HIGH NECK,"PKR 2,309","PKR 3,299"
TEXTURED HIGH NECK,"PKR 2,309","PKR 3,299"
WOOL BEANIE WITH INSIDE FUR,"PKR 2,309","PKR 3,299"
WOOL BEANIE WITH INSIDE FUR,"PKR 2,309","PKR 3,299"
WOOL BEANIE WITH INSIDE FUR,"PKR 2,309","PKR 3,299"
WOOL BEANIE WITH INSIDE FUR,"PKR 2,309","PKR 3,299"
BEANIE,"PKR 1,399","PKR 1,999"
BEANIE,"PKR 1,399","PKR 1,999"
BEANIE,"PKR 1,399","PKR 1,999"
CARPENTER FIT DENIM,"PKR 3,499","PKR 4,999"
ORIGINAL STRAIGHT FIT DENIM,"PKR 2,499","PKR 4,999"
BEANIE,"PKR 1,399","PKR 1,999"
BEANIE,"PKR 1,399","PKR 1,999"
BEANIE,"PKR 1,399","PKR 1,999"
BEANIE,"PKR 1,399","PKR 1,999"
BEANIE,"PKR 1,399","PKR 1,999"
BEANIE,"PKR 1,399","PKR 1,999"
BEANIE,"PKR 1,399","PKR 1,999"
BEANIE,"PKR 1,399","PKR 1,999"
LOOSE FIT CHINO,"PKR 3,499","PKR 4,999"
ORIGINAL STRAIGHT FIT CARGO TROUSER,"PKR 3,709","PKR 5,299"
ORIGINAL STRAIGHT FIT CARGO TROUSER,"PKR 3,709","PKR 5,299"
BAGGY FIT CARGO DENIM,"PKR 2,649","PKR 5,299"
SLIM RELAXED FIT DENIM,"PKR 3,499","PKR 4,999"
STRETCH SKINNY FIT CHINO,"PKR 3,149","PKR 4,499"
STRETCH SKINNY FIT CHINO,"PKR 3,149","PKR 4,499"
OBSESSION,"PKR 3,499","PKR 4,999"
CARPENTER FIT DENIM,"PKR 3,499","PKR 4,999"
CARPENTER FIT DENIM,"PKR 2,499","PKR 4,999"
SLIM RELAXED FIT DENIM,"PKR 3,499","PKR 4,999"
CARPENTER FIT DENIM,"PKR 3,499","PKR 4,999"
ORIGINAL STRAIGHT FIT DENIM,"PKR 3,499","PKR 4,999"
ORIGINAL STRAIGHT FIT DENIM,"PKR 2,499","PKR 4,999"
SLIM RELAXED FIT CHINO DENIM,"PKR 3,499","PKR 4,999"
SLIM RELAXED FIT DENIM,"PKR 3,499","PKR 4,999"
CARPENTER FIT CARGO DENIM,"PKR 3,709","PKR 5,299"
GLOVES,"PKR 2,729","PKR 3,899"
GLOVES,"PKR 2,099","PKR 2,999"
GLOVES,"PKR 2,099","PKR 2,999"
GLOVES,"PKR 2,729","PKR 3,899"
GLOVES,"PKR 2,729","PKR 3,899"
GLOVES,"PKR 2,729","PKR 3,899"
GLOVES,"PKR 2,729","PKR 3,899"
GLOVES,"PKR 2,099","PKR 2,999"
GLOVES,"PKR 2,099","PKR 2,999"
GLOVES,"PKR 2,099","PKR 2,999"
GLOVES,"PKR 2,099","PKR 2,999"
GLOVES,"PKR 2,729","PKR 3,899"
GLOVES,"PKR 2,729","PKR 3,899"
GLOVES,"PKR 2,729","PKR 3,899"
GLOVES,"PKR 2,099","PKR 2,999"
GLOVES,"PKR 2,099","PKR 2,999"
GLOVES,"PKR 2,729","PKR 3,899"
GLOVES,"PKR 2,729","PKR 3,899"
GLOVES,"PKR 2,729","PKR 3,899"
JACQUARD SWEATER,"PKR 2,749","PKR 5,499"
JACQUARD SWEATER,"PKR 2,749","PKR 5,499"
CABLE KNIT CONTRAST STRIPE SWEATER,"PKR 3,849","PKR 5,499"
CABLE KNIT CONTRAST STRIPE SWEATER,"PKR 3,849","PKR 5,499"
SLIM RELAXED FIT DENIM,"PKR 3,499","PKR 4,999"
SHACKET,"PKR 4,549","PKR 6,499"
POLYESTER HOODIE JACKET,"PKR 11,199","PKR 15,999"
POLYESTER HOODIE JACKET,"PKR 11,199","PKR 15,999"
RIBBED KNIT SWEATER,"PKR 4,199","PKR 5,999"
RIBBED KNIT SWEATER,"PKR 4,199","PKR 5,999"
KNITTED STRIPED SWEATER,"PKR 3,849","PKR 5,499"
KNITTED STRIPED SWEATER,"PKR 3,849","PKR 5,499"
TEXTURED KNIT SWEATER,"PKR 2,749","PKR 5,499"
TEXTURED KNIT SWEATER,"PKR 2,749","PKR 5,499"
RIBBED KNIT SWEATER,"PKR 4,199","PKR 5,999"
RIBBED KNIT SWEATER,"PKR 4,199","PKR 5,999"
STRIPED SWEATER,"PKR 4,199","PKR 5,999"
STRIPED SWEATER,"PKR 4,199","PKR 5,999"
MUSCLE FIT TANK TOP,"PKR 1,609","PKR 2,299"
MUSCLE FIT TANK TOP,"PKR 1,609","PKR 2,299"
MULTI PIECE TRAINERS,"PKR 9,099","PKR 12,999"
TRAINERS,"PKR 9,099","PKR 12,999"
CHUNKY SOLE TRAINERS,"PKR 9,099","PKR 12,999"
CHUNKY SOLE TRAINERS,"PKR 9,099","PKR 12,999"
HIGH-TOP SNEAKERS,"PKR 9,799","PKR 13,999"
LINEN PANTS,"PKR 4,549","PKR 6,499"
LINEN PANTS,"PKR 4,549","PKR 6,499"
TEXTURED BAGGY FIT EASY PANTS,"PKR 3,709","PKR 5,299"
TEXTURED BAGGY FIT EASY PANTS,"PKR 3,709","PKR 5,299"
BAGGY FIT SHORT,"PKR 2,309","PKR 3,299"
BAGGY FIT SHORT,"PKR 2,309","PKR 3,299"
BAGGY FIT EASY PANTS,"PKR 3,149","PKR 4,499"
SANTORINI,"PKR 3,499","PKR 4,999"
OBVIOUS,"PKR 3,499","PKR 4,999"
PALERMO,"PKR 3,499","PKR 4,999"
OURSIDE,"PKR 3,499","PKR 4,999"
LINEN BLAZER,"PKR 10,499","PKR 14,999"
RESORT COLLAR BAGGY FIT CHECK SHIRT,"PKR 2,729","PKR 3,899"
TEXTURED BAGGY FIT RESORT COLLAR SHIRT,"PKR 2,729","PKR 3,899"
TEXTURED BAGGY FIT RESORT COLLAR SHIRT,"PKR 2,729","PKR 3,899"
BAGGY FIT GRAPHIC TEE,"PKR 1,749","PKR 2,499"
BAGGY FIT GRAPHIC TEE,"PKR 1,749","PKR 2,499"
BAGGY FIT TEXTURED TEE,"PKR 1,749","PKR 2,499"
BAGGY FIT TEXTURED TEE,"PKR 1,749","PKR 2,499"
SUPER SOFT TEXTURED HENLEY,"PKR 1,749","PKR 2,499"
SUPER SOFT TEXTURED HENLEY,"PKR 1,749","PKR 2,499"
BOX FIT TEXTURE TEE,"PKR 2,099","PKR 2,999"
BOX FIT TEXTURE TEE,"PKR 2,099","PKR 2,999"
CREW NECK TEE,"PKR 1,749","PKR 2,499"
CREW NECK TEE,"PKR 1,749","PKR 2,499"
BAGGY FIT TEXTURED TEE,"PKR 2,099","PKR 2,999"
BAGGY FIT TEE,"PKR 1,749","PKR 2,499"
BAGGY FIT TEE,"PKR 1,749","PKR 2,499"
TEXTURED HENLEY,"PKR 2,099","PKR 2,999"
TEXTURED HENLEY,"PKR 2,099","PKR 2,999"
BAGGY FIT TERRY TEE,"PKR 2,099","PKR 2,999"
BAGGY FIT TERRY TEE,"PKR 2,099","PKR 2,999"
BUTTON DOWN TEXTURED POLO,"PKR 3,149","PKR 4,499"
BUTTON DOWN CHECK SHIRT,"PKR 2,729","PKR 3,899"
BUTTON DOWN OXFORD SHIRT,"PKR 2,729","PKR 3,899"
BUTTON DOWN OXFORD SHIRT,"PKR 2,729","PKR 3,899"
DOBBY SHIRT,"PKR 2,729","PKR 3,899"
DOBBY SHIRT,"PKR 2,729","PKR 3,899"
BAGGY FIT RIPPLE SHIRT,"PKR 3,359","PKR 4,799"
BAGGY FIT RIPPLE SHIRT,"PKR 3,359","PKR 4,799"
MANDARIN COLLAR SHIRT,"PKR 2,729","PKR 3,899"
MANDARIN COLLAR SHIRT,"PKR 2,729","PKR 3,899"
TEXTURED FULL SLEEVE BOX FIT TEE,"PKR 2,309","PKR 3,299"
TEXTURED FULL SLEEVE BOX FIT TEE,"PKR 2,309","PKR 3,299"
TEXTURED FULL SLEEVE TEE,"PKR 2,309","PKR 3,299"
TEXTURED FULL SLEEVE TEE,"PKR 2,309","PKR 3,299"
CROSSBODY BAG,"PKR 5,249","PKR 7,499"
CROSSBODY BAG,"PKR 5,249","PKR 7,499"
CROSSBODY BAG,"PKR 4,899","PKR 6,999"
CROSSBODY BAG,"PKR 5,599","PKR 7,999"
CROSSBODY BAG,"PKR 5,599","PKR 7,999"
FOLDOVER BAG,"PKR 4,899","PKR 6,999"
MEN LOAFERS,"PKR 8,049","PKR 11,499"
FLOW WITH,"PKR 3,499","PKR 4,999"
OMBRE NOMADE,"PKR 3,499","PKR 4,999"
MOON DUST,"PKR 3,499","PKR 4,999"
OMBRE LEATHER,"PKR 3,499","PKR 4,999"
NATURAL TALENT,"PKR 3,499","PKR 4,999"
LINEN PANTS,"PKR 4,549","PKR 6,499"
LINEN PANTS,"PKR 4,549","PKR 6,499"
LINEN BLAZER,"PKR 10,499","PKR 14,999"
BAGGY FIT SHORT,"PKR 2,309","PKR 3,299"
BAGGY FIT SHORT,"PKR 2,309","PKR 3,299"
KNIT BAGGY FIT SHORT,"PKR 2,309","PKR 3,299"
KNIT BAGGY FIT SHORT,"PKR 2,309","PKR 3,299"
SLIM FIT CARGO TROUSER,"PKR 3,149","PKR 4,499"
SLIM FIT CARGO TROUSER,"PKR 3,149","PKR 4,499"
EASY PANTS,"PKR 3,149","PKR 4,499"
EASY PANTS,"PKR 3,149","PKR 4,499"
BAGGY FIT EASY PANTS,"PKR 3,149","PKR 4,499"
BAGGY FIT EASY PANTS,"PKR 3,149","PKR 4,499"
BAGGY FIT EASY PANTS,"PKR 3,149","PKR 4,499"
BAGGY FIT EASY PANTS,"PKR 3,149","PKR 4,499"
SLIM RELAXED FIT DENIM,"PKR 3,499","PKR 4,999"
STRETCH SLIM FIT DENIM,"PKR 3,499","PKR 4,999"
ACID WASH SLIM RELAXED FIT DENIM,"PKR 2,499","PKR 4,999"
STRETCH SLIM FIT DENIM,"PKR 3,499","PKR 4,999"
BAGGY FIT RESORT COLLAR SHIRT,"PKR 2,729","PKR 3,899"
BAGGY FIT RESORT COLLAR SHIRT,"PKR 2,729","PKR 3,899"
JACQUARD BAGGY FIT SHIRT,"PKR 2,729","PKR 3,899"
JACQUARD BAGGY FIT SHIRT,"PKR 2,729","PKR 3,899"
BAGGY FIT CHECK SHIRT,"PKR 2,729","PKR 3,899"
BAGGY FIT CHECK SHIRT,"PKR 2,729","PKR 3,899"
BAGGY FIT STONE WASH HENLEY,"PKR 1,749","PKR 2,499"
BOX FIT INTERLOCK TEE,"PKR 2,099","PKR 2,999"
BOX FIT INTERLOCK TEE,"PKR 2,099","PKR 2,999"
BOX FIT INTERLOCK TEE,"PKR 2,099","PKR 2,999"
GRAPHIC TEE,"PKR 1,609","PKR 2,299"
GRAPHIC TEE,"PKR 1,609","PKR 2,299"
TEXTURED HENLEY,"PKR 2,309","PKR 3,299"
TEXTURED HENLEY,"PKR 2,309","PKR 3,299"
TEXTURED TEE,"PKR 1,749","PKR 2,499"
TEXTURED TEE,"PKR 1,749","PKR 2,499"
BAGGY FIT TEE,"PKR 1,749","PKR 2,499"
BAGGY FIT TEE,"PKR 1,749","PKR 2,499"
BAGGY FIT TEE,"PKR 1,749","PKR 2,499"
BAGGY FIT TEE,"PKR 1,749","PKR 2,499"
BAGGY FIT TEE,"PKR 1,749","PKR 2,499"
BAGGY FIT TEE,"PKR 1,749","PKR 2,499"
BAGGY FIT GRAPHIC TEE,"PKR 1,749","PKR 2,499"
BAGGY FIT GRAPHIC TEE,"PKR 1,749","PKR 2,499"
JACQUARD BOX FIT GRAPHIC TEE,"PKR 1,749","PKR 2,499"
JACQUARD BOX FIT GRAPHIC TEE,"PKR 1,749","PKR 2,499"
BAGGY FIT HENLEY,"PKR 1,749","PKR 2,499"
SUPER SOFT TIPPING POLO,"PKR 2,309","PKR 3,299"
SUPER SOFT TIPPING POLO,"PKR 2,309","PKR 3,299"
RESORT COLLAR BUTTON DOWN BOX FIT POLO,"PKR 2,449","PKR 3,499"
RESORT COLLAR BUTTON DOWN BOX FIT POLO,"PKR 2,449","PKR 3,499"
RESORT COLLAR BUTTON DOWN BOX FIT POLO,"PKR 2,449","PKR 3,499"
RESORT COLLAR BUTTON DOWN BOX FIT POLO,"PKR 2,449","PKR 3,499"
RESORT COLLAR BUTTON DOWN BOX FIT POLO,"PKR 2,449","PKR 3,499"
RESORT COLLAR BUTTON DOWN BOX FIT POLO,"PKR 2,449","PKR 3,499"
RESORT COLLAR BUTTON DOWN BOX FIT POLO,"PKR 2,449","PKR 3,499"
BUTTON DOWN OXFORD SHIRT,"PKR 2,729","PKR 3,899"
BUTTON DOWN OXFORD SHIRT,"PKR 2,729","PKR 3,899"
MEN BELT,"PKR 2,099","PKR 2,999"
MEN BELT,"PKR 2,099","PKR 2,999"
MEN BELT,"PKR 2,099","PKR 2,999"
MEN BELT,"PKR 2,099","PKR 2,999"
WALLET,"PKR 2,099","PKR 2,999"
WALLET,"PKR 2,099","PKR 2,999"
WALLET,"PKR 2,099","PKR 2,999"
WALLET,"PKR 2,099","PKR 2,999"
WALLET,"PKR 2,099","PKR 2,999"
WALLET,"PKR 2,099","PKR 2,999"
WALLET,"PKR 2,099","PKR 2,999"
WALLET,"PKR 2,099","PKR 2,999"
WALLET,"PKR 1,749","PKR 2,499"
WALLET,"PKR 2,099","PKR 2,999"
WALLET,"PKR 2,099","PKR 2,999"
WALLET,"PKR 1,749","PKR 2,499"
WALLET,"PKR 1,749","PKR 2,499"
WALLET,"PKR 1,749","PKR 2,499"
WALLET,"PKR 1,749","PKR 2,499"
WALLET,"PKR 1,749","PKR 2,499"
WALLET,"PKR 1,749","PKR 2,499"
WALLET,"PKR 1,749","PKR 2,499"
WALLET,"PKR 1,749","PKR 2,499"
WALLET,"PKR 1,749","PKR 2,499"
WALLET,"PKR 1,749","PKR 2,499"
WALLET,"PKR 1,749","PKR 2,499"
WALLET,"PKR 1,749","PKR 2,499"
WALLET,"PKR 1,749","PKR 2,499"
WALLET,"PKR 1,749","PKR 2,499"
CARD HOLDER,"PKR 1,749","PKR 2,499"
CARD HOLDER,"PKR 1,749","PKR 2,499"
CARD HOLDER,"PKR 1,749","PKR 2,499"
CARD HOLDER,"PKR 1,749","PKR 2,499"
CARD HOLDER,"PKR 1,749","PKR 2,499"
CARD HOLDER,"PKR 1,749","PKR 2,499"
WALLET,"PKR 2,099","PKR 2,999"
WALLET,"PKR 2,099","PKR 2,999"
WALLET,"PKR 1,749","PKR 2,499"
WALLET,"PKR 1,749","PKR 2,499"
WALLET,"PKR 1,749","PKR 2,499"
WALLET,"PKR 1,749","PKR 2,499"
WALLET,"PKR 1,749","PKR 2,499"
BRAZZA WALLET,"PKR 2,239","PKR 3,199"
BRAZZA WALLET,"PKR 2,239","PKR 3,199"
WALLET,"PKR 1,749","PKR 2,499"
WALLET,"PKR 1,749","PKR 2,499"
WALLET,"PKR 1,749","PKR 2,499"
MEN BELT,"PKR 2,099","PKR 2,999"
MEN BELT,"PKR 2,099","PKR 2,999"
NEWYORK SQUARE SUNGLASSES,"PKR 3,429","PKR 4,899"
OCEAN LOW SQUARE SUNGLASSES,"PKR 3,429","PKR 4,899"
SIGNATURE LOW SQUARE SUNGLASSES,"PKR 3,429","PKR 4,899"
RISE SQUARE SUNGLASSES,"PKR 3,429","PKR 4,899"
MILAN SLEEK SQUARE SUNGLASSES,"PKR 3,429","PKR 4,899"
MILLIONAIRES SUNGLASSES,"PKR 3,429","PKR 4,899"
CLASH SQUARE LARGE SUNGLASSES,"PKR 3,429","PKR 4,899"
LEGACY SQUARE SUNGLASSES,"PKR 3,429","PKR 4,899"
VENICE SQUARE SUNGLASSES,"PKR 3,429","PKR 4,899"
SLEEK SQUARE LARGE SUNGLASSES,"PKR 3,429","PKR 4,899"
KANGAROO POCKET HOODIE,"PKR 3,499","PKR 4,999"
TEXTURED WOOL BLEND COAT,"PKR 8,399","PKR 11,999"
PUFFER GILET,"PKR 5,949","PKR 8,499"
PUFFER GILET,"PKR 5,949","PKR 8,499"
PUFFER GILET,"PKR 5,949","PKR 8,499"
BOMBER JACKET,"PKR 6,999","PKR 9,999"
BOMBER JACKET,"PKR 6,999","PKR 9,999"
COLOR BLOCKING SLEEVE SWEATER,"PKR 2,749","PKR 5,499"
COLOR BLOCKING SLEEVE SWEATER,"PKR 2,749","PKR 5,499"
CREW NECK SWEATER,"PKR 2,749","PKR 5,499"
ZIPPER HOODIE WITH CHEST POCKET,"PKR 3,709","PKR 5,299"
ZIPPER HOODIE WITH CHEST POCKET,"PKR 3,709","PKR 5,299"
KANGAROO POCKET HOODIE,"PKR 3,709","PKR 5,299"
KANGAROO POCKET HOODIE,"PKR 3,709","PKR 5,299"
KNIT JOGGER,"PKR 3,009","PKR 4,299"
KNIT JOGGER,"PKR 3,009","PKR 4,299"
BAND COLLAR POLYESTER JACKET,"PKR 6,999","PKR 9,999"
BAND COLLAR POLYESTER JACKET,"PKR 6,999","PKR 9,999"
COLOR BLOCKING SWEATER,"PKR 2,749","PKR 5,499"
COLOR BLOCKING SWEATER,"PKR 2,749","PKR 5,499"
KNIT SHORT,"PKR 2,309","PKR 3,299"
KNIT SHORT,"PKR 2,309","PKR 3,299"
SLIM FIT CARGO TROUSER,"PKR 3,149","PKR 4,499"
STRETCH SLIM FIT DENIM,"PKR 3,499","PKR 4,999"
ORIGINAL STRAIGHT FIT DENIM,"PKR 3,499","PKR 4,999"
CARPENTER FIT CARGO DENIM,"PKR 3,709","PKR 5,299"
BUTTON DOWN CHECK SHIRT,"PKR 2,729","PKR 3,899"
BUTTON DOWN CHECK SHIRT,"PKR 2,729","PKR 3,899"
KNIT SHORT,"PKR 2,309","PKR 3,299"
KNIT SHORT,"PKR 2,309","PKR 3,299"
LINEN BLAZER,"PKR 10,499","PKR 14,999"
BUTTON DOWN SHIRT,"PKR 2,659","PKR 3,799"
BUTTON DOWN SHIRT,"PKR 2,659","PKR 3,799"
RESORT COLLAR SHIRT,"PKR 2,589","PKR 3,699"
RESORT COLLAR SHIRT,"PKR 2,589","PKR 3,699"
GRAPHIC TEE,"PKR 1,749","PKR 2,499"
GRAPHIC TEE,"PKR 1,749","PKR 2,499"
CALIFORNIA TEE,"PKR 1,609","PKR 2,299"
CALIFORNIA TEE,"PKR 1,609","PKR 2,299"
CREW NECK TEE,"PKR 1,609","PKR 2,299"
CREW NECK TEE,"PKR 1,609","PKR 2,299"
CREW NECK TEE,"PKR 1,749","PKR 2,499"
CREW NECK TEE,"PKR 1,749","PKR 2,499"
CREW NECK TEE,"PKR 1,609","PKR 2,299"
CREW NECK TEE,"PKR 1,609","PKR 2,299"
CREW NECK TEE,"PKR 1,609","PKR 2,299"
BAGGY FIT TEE,"PKR 1,749","PKR 2,499"
BAGGY FIT TEE,"PKR 1,749","PKR 2,499"
GRAPHIC TEE,"PKR 1,749","PKR 2,499"
GRAPHIC TEE,"PKR 1,749","PKR 2,499"
TEXTURED POLO,"PKR 2,449","PKR 3,499"
TEXTURED POLO,"PKR 2,449","PKR 3,499"
MANDARIN COLLAR BUTTON DOWN POLO,"PKR 2,449","PKR 3,499"
MANDARIN COLLAR BUTTON DOWN POLO,"PKR 2,449","PKR 3,499"
RESORT COLLAR PRINTED BAGGY FIT POLO,"PKR 2,449","PKR 3,499"
RESORT COLLAR PRINTED BAGGY FIT POLO,"PKR 2,449","PKR 3,499"
RESORT COLLAR TEXTURED POLO,"PKR 2,449","PKR 3,499"
RESORT COLLAR TEXTURED POLO,"PKR 2,449","PKR 3,499"
RESORT COLLAR BUTTON DOWN BOX FIT POLO,"PKR 2,449","PKR 3,499"
RESORT COLLAR BUTTON DOWN BOX FIT POLO,"PKR 2,449","PKR 3,499"
BUTTON DOWN CHECK SHIRT,"PKR 2,729","PKR 3,899"
BUTTON DOWN CHECK SHIRT,"PKR 2,729","PKR 3,899"
BUTTON DOWN CHECK SHIRT,"PKR 2,729","PKR 3,899"
BUTTON DOWN CHECK SHIRT,"PKR 2,729","PKR 3,899"
BAGGY FIT EASY PANTS,"PKR 3,149","PKR 4,499"
BAGGY FIT EASY PANTS,"PKR 3,149","PKR 4,499"
BAGGY FIT EASY PANTS,"PKR 3,149","PKR 4,499"
BAGGY FIT EASY PANTS,"PKR 3,149","PKR 4,499"
BAGGY FIT CHECK SHIRT,"PKR 2,729","PKR 3,899"
BAGGY FIT CHECK SHIRT,"PKR 2,729","PKR 3,899"
RESORT COLLAR TEXTURED SHIRT,"PKR 2,589","PKR 3,699"
CREW NECK TEE,"PKR 1,609","PKR 2,299"
CREW NECK TEE,"PKR 1,609","PKR 2,299"
V-NECK TEE,"PKR 1,609","PKR 2,299"
V-NECK TEE,"PKR 1,609","PKR 2,299"
V-NECK TEE,"PKR 1,609","PKR 2,299"
BAGGY FIT GRAPHIC TEE,"PKR 1,749","PKR 2,499"
BAGGY FIT GRAPHIC TEE,"PKR 1,749","PKR 2,499"
BOX FIT TEXTURE TEE,"PKR 1,749","PKR 2,499"
BOX FIT TEXTURE TEE,"PKR 1,749","PKR 2,499"
BAGGY FIT GRAPHIC TEE,"PKR 1,749","PKR 2,499"
BAGGY FIT GRAPHIC TEE,"PKR 1,749","PKR 2,499"
KNITTED POLO,"PKR 3,709","PKR 5,299"
KNITTED POLO,"PKR 3,709","PKR 5,299"
SUPER SOFT BAGGY FIT POLO,"PKR 2,449","PKR 3,499"
SUPER SOFT BAGGY FIT POLO,"PKR 2,449","PKR 3,499"
TEXTURED POLO,"PKR 2,449","PKR 3,499"
TEXTURED POLO,"PKR 2,449","PKR 3,499"
KNITTED POLO,"PKR 3,709","PKR 5,299"
BUTTON DOWN CHECK SHIRT,"PKR 2,659","PKR 3,799"
BUTTON DOWN CHECK SHIRT,"PKR 2,659","PKR 3,799"
BUTTON DOWN OXFORD SHIRT,"PKR 2,659","PKR 3,799"
BUTTON DOWN OXFORD SHIRT,"PKR 2,659","PKR 3,799"
BUTTON DOWN CHECK SHIRT,"PKR 2,659","PKR 3,799"
SWEATSHIRT,"PKR 2,099","PKR 2,999"
SWEATSHIRT,"PKR 2,099","PKR 2,999"
LOOSE CROPPED FIT EASY PANTS,"PKR 3,499","PKR 4,999"
LOOSE CROPPED FIT EASY PANTS,"PKR 3,499","PKR 4,999"
LOOSE CROPPED FIT CHINO,"PKR 3,289","PKR 4,699"
BAGGY FIT CARGO TROUSER,"PKR 3,709","PKR 5,299"
BAGGY FIT CARGO TROUSER,"PKR 3,709","PKR 5,299"
BAGGY FIT CARGO TROUSER,"PKR 3,709","PKR 5,299"
BAGGY FIT CARGO TROUSER,"PKR 3,709","PKR 5,299"
BAGGY FIT CARGO TROUSER,"PKR 3,709","PKR 5,299"
BAGGY FIT CARGO TROUSER,"PKR 3,709","PKR 5,299"
BAGGY FIT CARGO TROUSER,"PKR 3,709","PKR 5,299"
STRETCH SLIM FIT DENIM,"PKR 3,499","PKR 4,999"
STRETCH TAPERED FIT DENIM,"PKR 3,499","PKR 4,999"
ORIGINAL STRAIGHT FIT DENIM,"PKR 3,499","PKR 4,999"
STRETCH SLIM FIT DENIM,"PKR 3,149","PKR 4,499"
STRETCH TAPERED FIT DENIM,"PKR 3,149","PKR 4,499"
ORIGINAL STRAIGHT FIT DENIM,"PKR 3,149","PKR 4,499"
SLIM RELAXED FIT DENIM,"PKR 3,149","PKR 4,499"
STRETCH SLIM FIT DENIM,"PKR 3,149","PKR 4,499"
ORIGINAL STRAIGHT FIT JEANS,"PKR 2,249","PKR 4,499"
STRETCH SKINNY FIT DENIM,"PKR 3,149","PKR 4,499"
CARPENTER FIT DENIM,"PKR 2,249","PKR 4,499"
BAGGY FIT TEXTURED EASY PANTS,"PKR 2,449","PKR 3,499"
BAGGY FIT TEXTURED EASY PANTS,"PKR 2,449","PKR 3,499"
BOX FIT TEXTURED TEE,"PKR 2,309","PKR 3,299"
BOX FIT TEXTURED TEE,"PKR 2,309","PKR 3,299"
GRAPHIC TEE,"PKR 1,749","PKR 2,499"
GRAPHIC TEE,"PKR 1,749","PKR 2,499"
BOX FIT GRAPHIC TEE,"PKR 1,749","PKR 2,499"
BOX FIT GRAPHIC TEE,"PKR 1,749","PKR 2,499"
BAGGY FIT GRAPHIC TEE,"PKR 1,749","PKR 2,499"
BAGGY FIT GRAPHIC TEE,"PKR 1,749","PKR 2,499"
PRINTED HENLEY,"PKR 1,609","PKR 2,299"
TEXTURED RAGLAN TEE,"PKR 1,609","PKR 2,299"
BAGGY FIT TERRY TEE,"PKR 1,749","PKR 2,499"
BAGGY FIT TERRY TEE,"PKR 1,749","PKR 2,499"
BUTTON DOWN OXFORD SHIRT,"PKR 2,659","PKR 3,799"
BUTTON DOWN OXFORD SHIRT,"PKR 2,659","PKR 3,799"
CHELSEA BOOTS,"PKR 4,249","PKR 8,499"
CHELSEA BOOTS,"PKR 4,999","PKR 9,999"
WOOL BLEND CHECK COAT,"PKR 9,999","PKR 19,999"
WOOL BLEND COAT,"PKR 9,999","PKR 19,999"
POLYESTER JACKET,"PKR 7,499","PKR 14,999"
POLYESTER JACKET,"PKR 7,499","PKR 14,999"
CHELSEA BOOT,"PKR 6,499","PKR 12,999"
PUFFER HOODED JACKET,"PKR 7,499","PKR 14,999"
PUFFER HOODED JACKET,"PKR 7,499","PKR 14,999"
PUFFER GILET WITH HOOD,"PKR 6,499","PKR 12,999"
PUFFER GILET WITH HOOD,"PKR 6,499","PKR 12,999"
SUEDE LACE-UP BOOTS,"PKR 4,249","PKR 8,499"
LEATHER CHELSEA BOOTS,"PKR 7,499","PKR 14,999"
LEATHER CHELSEA BOOTS,"PKR 7,499","PKR 14,999"
PUFFER JACKET WITH HOOD,"PKR 7,499","PKR 14,999"
PUFFER JACKET WITH HOOD,"PKR 7,499","PKR 14,999"
CREW NECK SWEATER,"PKR 2,749","PKR 5,499"
CREW NECK SWEATER,"PKR 2,749","PKR 5,499"
POLYESTER JACKET,"PKR 7,499","PKR 14,999"
POLYESTER JACKET,"PKR 7,499","PKR 14,999"
PUFFER JACKET,"PKR 4,999","PKR 9,999"
PUFFER JACKET,"PKR 4,999","PKR 9,999"
HOODED PUFFER JACKET,"PKR 7,499","PKR 14,999"
HOODED PUFFER JACKET,"PKR 7,499","PKR 14,999"
CREW NECK SWEATER,"PKR 2,749","PKR 5,499"
CREW NECK SWEATER,"PKR 2,749","PKR 5,499"
POLYESTER JACKET,"PKR 7,499","PKR 14,999"
POLYESTER JACKET,"PKR 7,499","PKR 14,999"
POLYESTER JACKET,"PKR 7,499","PKR 14,999"
POLYESTER JACKET,"PKR 7,499","PKR 14,999"
POLYESTER JACKET,"PKR 7,499","PKR 14,999"
POLYESTER JACKET,"PKR 7,499","PKR 14,999"
POLYESTER HOODIE JACKET,"PKR 7,499","PKR 14,999"
POLYESTER HOODIE JACKET,"PKR 7,499","PKR 14,999"
TEXTURED SWEATER,"PKR 2,499","PKR 4,999"
TEXTURED SWEATER,"PKR 2,499","PKR 4,999"
ROUND NECK TWO TONE SWEATER,"PKR 2,999","PKR 5,999"
ROUND NECK TWO TONE SWEATER,"PKR 2,999","PKR 5,999"
CASHMERE FEEL HIGH NECK SWEATER,"PKR 2,749","PKR 5,499"
CASHMERE FEEL HIGH NECK SWEATER,"PKR 2,749","PKR 5,499"
CASHMERE FEEL HIGH NECK SWEATER,"PKR 2,749","PKR 5,499"
TURTLE NECK SWEATER,"PKR 2,749","PKR 5,499"
LONG SOCKS (PACK OF 2),PKR 399,PKR 799
SEMI LONG SOCKS (PACK OF 2),PKR 399,PKR 799
SEMI LONG SOCKS (PACK OF 2),PKR 399,PKR 799
SEMI LONG SOCKS (PACK OF 2),PKR 399,PKR 799
SANDALS,"PKR 2,699","PKR 5,399"
CONTRAST TRAINERS,"PKR 4,999","PKR 9,999"
SANDALS,"PKR 2,699","PKR 5,399"
SNEAKERS,"PKR 2,749","PKR 5,499"
SANDAL,"PKR 2,699","PKR 5,399"
CONTRAST POLYESTER PADDING JACKET,"PKR 5,499","PKR 10,999"
